{"cameraMode":{"drawMode":0,"name":"Shaded","section":"Shading Mode"},"sceneLighting":true,"audioPlay":false,"sceneViewState":{"m_AlwaysRefresh":false,"showFog":true,"showSkybox":true,"showFlares":true,"showImageEffects":true,"showParticleSystems":true,"showVisualEffectGraphs":true,"m_FxEnabled":true},"in2DMode":false,"pivot":{"x":-0.3620995581150055,"y":14.514710426330567,"z":0.061831966042518619},"rotation":{"x":0.2443772256374359,"y":0.6887295842170715,"z":-0.2636337876319885,"w":0.6304174065589905},"size":0.19867245852947236,"orthographic":false}